-- MySQL dump 10.13  Distrib 8.0.21, for Win64 (x86_64)
--
-- Host: localhost    Database: schema_tema3
-- ------------------------------------------------------
-- Server version	8.0.21

/*!40101 SET @OLD_CHARACTER_SET_CLIENT=@@CHARACTER_SET_CLIENT */;
/*!40101 SET @OLD_CHARACTER_SET_RESULTS=@@CHARACTER_SET_RESULTS */;
/*!40101 SET @OLD_COLLATION_CONNECTION=@@COLLATION_CONNECTION */;
/*!50503 SET NAMES utf8mb4 */;
/*!40103 SET @OLD_TIME_ZONE=@@TIME_ZONE */;
/*!40103 SET TIME_ZONE='+00:00' */;
/*!40014 SET @OLD_UNIQUE_CHECKS=@@UNIQUE_CHECKS, UNIQUE_CHECKS=0 */;
/*!40014 SET @OLD_FOREIGN_KEY_CHECKS=@@FOREIGN_KEY_CHECKS, FOREIGN_KEY_CHECKS=0 */;
/*!40101 SET @OLD_SQL_MODE=@@SQL_MODE, SQL_MODE='NO_AUTO_VALUE_ON_ZERO' */;
/*!40111 SET @OLD_SQL_NOTES=@@SQL_NOTES, SQL_NOTES=0 */;

--
-- Table structure for table `client`
--

DROP TABLE IF EXISTS `client`;
/*!40101 SET @saved_cs_client     = @@character_set_client */;
/*!50503 SET character_set_client = utf8mb4 */;
CREATE TABLE `client` (
  `idclient` int NOT NULL AUTO_INCREMENT,
  `email` varchar(45) NOT NULL,
  `nume` varchar(45) NOT NULL,
  UNIQUE KEY `idclient` (`idclient`),
  UNIQUE KEY `email` (`email`)
) ENGINE=InnoDB AUTO_INCREMENT=13 DEFAULT CHARSET=utf8mb4 COLLATE=utf8mb4_0900_ai_ci;
/*!40101 SET character_set_client = @saved_cs_client */;

--
-- Dumping data for table `client`
--

LOCK TABLES `client` WRITE;
/*!40000 ALTER TABLE `client` DISABLE KEYS */;
INSERT INTO `client` VALUES (8,'vio@yahoo.com','Popa Viorel'),(9,'ionu@yahoo.com','Capalnean Ionut'),(10,'ioana_m@yahoo.com','Mazda Ioana'),(12,'viorica@yahoo.com','Popa Viorica');
/*!40000 ALTER TABLE `client` ENABLE KEYS */;
UNLOCK TABLES;

--
-- Table structure for table `comanda`
--

DROP TABLE IF EXISTS `comanda`;
/*!40101 SET @saved_cs_client     = @@character_set_client */;
/*!50503 SET character_set_client = utf8mb4 */;
CREATE TABLE `comanda` (
  `idcomanda` int NOT NULL AUTO_INCREMENT,
  `idclient` int NOT NULL,
  `idprodus` int NOT NULL,
  `cantitate` int NOT NULL,
  `pret` double NOT NULL,
  UNIQUE KEY `idcomanda` (`idcomanda`)
) ENGINE=InnoDB AUTO_INCREMENT=8 DEFAULT CHARSET=utf8mb4 COLLATE=utf8mb4_0900_ai_ci;
/*!40101 SET character_set_client = @saved_cs_client */;

--
-- Dumping data for table `comanda`
--

LOCK TABLES `comanda` WRITE;
/*!40000 ALTER TABLE `comanda` DISABLE KEYS */;
INSERT INTO `comanda` VALUES (1,8,1,1,0),(2,9,11,2,0),(3,9,11,50,0),(4,9,3,2,0),(5,9,2,20,200),(6,8,2,9,90),(7,9,13,2,8);
/*!40000 ALTER TABLE `comanda` ENABLE KEYS */;
UNLOCK TABLES;

--
-- Table structure for table `produs`
--

DROP TABLE IF EXISTS `produs`;
/*!40101 SET @saved_cs_client     = @@character_set_client */;
/*!50503 SET character_set_client = utf8mb4 */;
CREATE TABLE `produs` (
  `idprodus` int NOT NULL AUTO_INCREMENT,
  `nume` varchar(45) DEFAULT NULL,
  `cantitate` int DEFAULT NULL,
  `pret` double NOT NULL,
  UNIQUE KEY `idprodus` (`idprodus`)
) ENGINE=InnoDB AUTO_INCREMENT=23 DEFAULT CHARSET=utf8mb4 COLLATE=utf8mb4_0900_ai_ci;
/*!40101 SET character_set_client = @saved_cs_client */;

--
-- Dumping data for table `produs`
--

LOCK TABLES `produs` WRITE;
/*!40000 ALTER TABLE `produs` DISABLE KEYS */;
INSERT INTO `produs` VALUES (1,'pufuleti cu branza',22,1),(2,'branza',1,10),(3,'brocoli',18,3.5),(13,'chipsuri',8,4),(18,'ciocolata',20,5),(20,'budinca de vanilie',16,3.6),(22,'pere',20,10);
/*!40000 ALTER TABLE `produs` ENABLE KEYS */;
UNLOCK TABLES;
/*!40103 SET TIME_ZONE=@OLD_TIME_ZONE */;

/*!40101 SET SQL_MODE=@OLD_SQL_MODE */;
/*!40014 SET FOREIGN_KEY_CHECKS=@OLD_FOREIGN_KEY_CHECKS */;
/*!40014 SET UNIQUE_CHECKS=@OLD_UNIQUE_CHECKS */;
/*!40101 SET CHARACTER_SET_CLIENT=@OLD_CHARACTER_SET_CLIENT */;
/*!40101 SET CHARACTER_SET_RESULTS=@OLD_CHARACTER_SET_RESULTS */;
/*!40101 SET COLLATION_CONNECTION=@OLD_COLLATION_CONNECTION */;
/*!40111 SET SQL_NOTES=@OLD_SQL_NOTES */;

-- Dump completed on 2021-04-17 19:49:37
